<?xml version="1.0"?>
<config xmlns:xsi="http://www.w3.org/2001/XMLSchema-instance" xsi:noNamespaceSchemaLocation="urn:magento:framework:Event/etc/events.xsd">
    <event name="checkout_cart_product_add_after">
        <observer name="customprice" instance="DocResearch\Customer\Observer\CustomPrice" />
    </event>
    <event name="checkout_onepage_controller_success_action">
		<observer name="mycustomobserver" instance="DocResearch\Customer\Observer\OrderSaveInfo"/>
    	<observer name="mymodule_controller_success_action" instance="DocResearch\Customer\Observer\Shipment"  />
    </event>

    <event name="multishipping_checkout_controller_success_action">
        <observer name="mycustomobserversmultishipping" instance="DocResearch\Customer\Observer\OrderSaveMultiShipping"/>
        <observer name="myobserver_multishipping_shipment" instance="DocResearch\Customer\Observer\MultiShipping"/>
    </event>
    <event name="customer_register_success">
        <observer name="sendmail_toadmin" instance="DocResearch\Customer\Observer\SendMailToAdmin"/>
    </event>

</config>