<?xml version="1.0"?>
<config>
    <acl>
        <resources>
            <admin>
                <children>
                    <system>
                        <children>
                            <config>
                                <children>
                                    <registration_code translate="title" module="teddymountain">
                                        <title>Pre Registration Mail Settings Section</title>
                                        <sort_order>1</sort_order>
                                    </registration_code>
                                </children>
                            </config>
                        </children>
                    </system>
                </children>
            </admin>
        </resources>
    </acl>
</config>