<?xml version="1.0"?>
<config>
    <tabs>
        <teddymountain translate="label" module="teddymountain">
            <label>Custom Settings</label>
            <sort_order>1000</sort_order>
        </teddymountain>
    </tabs>
    <sections>
        <registration_code  translate="label" module="teddymountain">                    
            <label>Pre Registration Mail Settings</label>
            <tab>teddymountain</tab>
            <frontend_type>text</frontend_type>
            <sort_order>100</sort_order>
            <show_in_default>1</show_in_default>
            <show_in_website>1</show_in_website>
            <show_in_store>1</show_in_store>            
            <groups>
                <email translate="label"> 
                    <label>Mail Settings</label>
                    <frontend_type>text</frontend_type>
                    <sort_order>1</sort_order>
                    <show_in_default>1</show_in_default>
                    <show_in_website>1</show_in_website>
                    <show_in_store>1</show_in_store>
                    <fields>
                        <template_admin translate="label">
                            <label>Pre-Registration Code Request To Admin Mail Template </label>
                            <frontend_type>select</frontend_type>
                                <source_model>adminhtml/system_config_source_email_template</source_model>
                                <sort_order>1</sort_order>
                                <show_in_default>1</show_in_default>
                                <show_in_website>1</show_in_website>
                                <show_in_store>1</show_in_store>
                        </template_admin>
                        <template translate="label">
                            <label>Pre-Registration Code Send To Customer  Mail Template </label>
                            <frontend_type>select</frontend_type>
                                <source_model>adminhtml/system_config_source_email_template</source_model>
                                <sort_order>2</sort_order>
                                <show_in_default>1</show_in_default>
                                <show_in_website>1</show_in_website>
                                <show_in_store>1</show_in_store>
                        </template>

                        <custom_identity translate="label">
                            <label>Email Sender</label>
                            <frontend_type>select</frontend_type>
                            <source_model>adminhtml/system_config_source_email_identity</source_model>
                            <sort_order>3</sort_order>
                            <show_in_default>1</show_in_default>
                            <show_in_website>1</show_in_website>
                            <show_in_store>1</show_in_store>
                        </custom_identity>

                    </fields>
                </email>
            </groups>
        </registration_code>
        
    </sections>
</config>
