<?xml version="1.0"?>
<!--
/**
 * Copyright © 2013-2017 Magento, Inc. All rights reserved.
 * See COPYING.txt for license details.
 */
-->
<view xmlns:xsi="http://www.w3.org/2001/XMLSchema-instance" xsi:noNamespaceSchemaLocation="urn:magento:framework:Config/etc/view.xsd">

<media>
	<images module="Magento_Catalog">
		<image id="category_page_grid" type="small_image">
			<width>200</width>
			<height>200</height>
		</image>
		<image id="product_page_image_small" type="thumbnail">
            <width>90</width>
            <height>90</height>
            <frame>0</frame>
        </image>
	</images>
<!-- 	<images module="Magento_Catalog">
            <image id="bundled_product_customization_page" type="thumbnail">
                <width>140</width>
                <height>140</height>
                <frame>0</frame>
            </image>
            <image id="cart_cross_sell_products" type="thumbnail">
                <width>152</width>
                <height>188</height>
                <frame>0</frame>
            </image>
            <image id="cart_page_product_thumbnail" type="small_image">
                <width>110</width>
                <height>160</height>
                <frame>0</frame>
            </image>
            <image id="category_page_grid" type="small_image">
                <width>240</width>
                <height>300</height>
                <frame>0</frame>
            </image>
            <image id="category_page_list" type="small_image">
                <width>240</width>
                <height>300</height>
                <frame>0</frame>
            </image>
            <image id="customer_account_my_tags_tag_view" type="small_image">
                <width>100</width>
                <height>100</height>
                <frame>0</frame>
            </image>
            <image id="customer_account_product_review_page" type="image">
                <width>285</width>
                <height>285</height>
                <frame>0</frame>
            </image>
            <image id="customer_shared_wishlist" type="small_image">
                <width>113</width>
                <height>113</height>
                <frame>0</frame>
            </image>
            <image id="gift_messages_checkout_small_image" type="small_image">
                <width>75</width>
                <height>75</height>
                <frame>0</frame>
            </image>
            <image id="gift_messages_checkout_thumbnail" type="thumbnail">
                <width>100</width>
                <height>100</height>
                <frame>0</frame>
            </image>
            <image id="mini_cart_product_thumbnail" type="thumbnail">
                <width>78</width>
                <height>78</height>
                <frame>0</frame>
            </image>
            <image id="new_products_content_widget_grid" type="small_image">
                <width>240</width>
                <height>300</height>
                <frame>0</frame>
            </image>
            <image id="new_products_content_widget_list" type="small_image">
                <width>270</width>
                <height>270</height>
                <frame>0</frame>
            </image>
            <image id="new_products_images_only_widget" type="small_image">
                <width>78</width>
                <height>78</height>
                <frame>0</frame>
            </image>
            <image id="product_base_image" type="image">
                <width>265</width>
                <height>265</height>
                <frame>0</frame>
            </image>
            <image id="product_comparison_list" type="small_image">
                <width>140</width>
                <height>140</height>
                <frame>0</frame>
            </image>
            <image id="product_page_image_large" type="image">
                <frame>0</frame>
            </image>
            <image id="product_page_image_medium" type="image">
                <width>700</width>
                <height>700</height>
                <frame>0</frame>
            </image>
            <image id="product_page_image_small" type="thumbnail">
                <width>90</width>
                <height>90</height>
                <frame>0</frame>
            </image>
            <image id="product_page_main_image" type="image">
                <width>700</width>
                <height>700</height>
                <frame>0</frame>
            </image>
            <image id="product_page_main_image_default" type="image">
                <width>700</width>
                <height>700</height>
                <frame>0</frame>
            </image>
            <image id="product_page_more_views" type="thumbnail">
                <width>90</width>
                <height>90</height>
                <frame>0</frame>
            </image>
            <image id="product_stock_alert_email_product_image" type="small_image">
                <width>76</width>
                <height>76</height>
                <frame>0</frame>
            </image>
            <image id="product_small_image" type="small_image">
                <width>135</width>
                <height>135</height>
                <frame>0</frame>
            </image>
            <image id="product_thumbnail_image" type="thumbnail">
                <width>75</width>
                <height>75</height>
                <frame>0</frame>
            </image>
            <image id="recently_compared_products_grid_content_widget" type="small_image">
                <width>240</width>
                <height>300</height>
                <frame>0</frame>
            </image>
            <image id="recently_compared_products_images_names_widget" type="thumbnail">
                <width>75</width>
                <height>90</height>
                <frame>0</frame>
            </image>
            <image id="recently_compared_products_images_only_widget" type="thumbnail">
                <width>76</width>
                <height>76</height>
                <frame>0</frame>
            </image>
            <image id="recently_compared_products_list_content_widget" type="small_image">
                <width>270</width>
                <height>207</height>
                <frame>0</frame>
            </image>
            <image id="recently_viewed_products_grid_content_widget" type="small_image">
                <width>240</width>
                <height>300</height>
                <frame>0</frame>
            </image>
            <image id="recently_viewed_products_images_names_widget" type="small_image">
                <width>75</width>
                <height>90</height>
                <frame>0</frame>
            </image>
            <image id="recently_viewed_products_images_only_widget" type="small_image">
                <width>76</width>
                <height>76</height>
                <frame>0</frame>
            </image>
            <image id="recently_viewed_products_list_content_widget" type="small_image">
                <width>270</width>
                <height>270</height>
                <frame>0</frame>
            </image>
            <image id="related_products_list" type="small_image">
                <width>140</width>
                <height>140</height>
                <frame>0</frame>
            </image>
            <image id="review_page_product_image" type="small_image">
                <width>285</width>
                <height>285</height>
                <frame>0</frame>
            </image>
            <image id="rss_thumbnail" type="thumbnail">
                <width>75</width>
                <height>75</height>
                <frame>0</frame>
            </image>
            <image id="sendfriend_small_image" type="small_image">
                <width>75</width>
                <height>75</height>
                <frame>0</frame>
            </image>
            <image id="shared_wishlist_email" type="small_image">
                <width>135</width>
                <height>135</height>
                <frame>0</frame>
            </image>
            <image id="side_column_widget_product_thumbnail" type="thumbnail">
                <width>75</width>
                <height>90</height>
                <frame>0</frame>
            </image>
            <image id="upsell_products_list" type="small_image">
                <width>140</width>
                <height>140</height>
                <frame>0</frame>
            </image>
            <image id="wishlist_sidebar_block" type="thumbnail">
                <width>75</width>
                <height>90</height>
                <frame>0</frame>
            </image>
            <image id="wishlist_small_image" type="small_image">
                <width>113</width>
                <height>113</height>
                <frame>0</frame>
            </image>
            <image id="wishlist_thumbnail" type="small_image">
                <width>240</width>
                <height>300</height>
                <frame>0</frame>
            </image>
        </images> -->
</media>
<!--
   <vars module="Magento_Catalog">

        <var name="gallery">
            <var name="keyboard">true</var> Turn on/off keyboard arrows navigation (true/false) 
            <var name="arrows">true</var>  Turn on/off arrows on the sides preview (true/false) 
            <var name="caption">false</var>  Display alt text as image title (true/false) 
            <var name="allowfullscreen">true</var> Turn on/off fullscreen (true/false) 
           
            <var name="transition">
                <var name="effect">slide</var>  Sets transition effect for slides changing (slide/crossfade/dissolve) 
                <var name="duration">500</var>  Sets transition duration in ms 
            </var>
          
        </var>

       
        <var name="product_small_image_sidebar_size">100</var>   Override for small product image 
        <var name="product_base_image_size">275</var>         Override for base product image
        <var name="product_base_image_icon_size">48</var>    Base product image icon size

        <var name="product_list_image_size">166</var>          New Product image size used in product list
        <var name="product_zoom_image_size">370</var>           New Product image size used for zooming 

        <var name="product_image_white_borders">0</var>
    </vars> 
  -->
</view>