<?xml version="1.0"?>
<!--
/**
 * Copyright © 2013-2017 Magento, Inc. All rights reserved.
 * See COPYING.txt for license details.
 */
-->
<view xmlns:xsi="http://www.w3.org/2001/XMLSchema-instance" xsi:noNamespaceSchemaLocation="urn:magento:framework:Config/etc/view.xsd">

<media>
	<images module="Magento_Catalog">
	<image id="category_page_grid" type="small_image">
	<width>540</width>
	<height>300</height>
	</image>
	</images>
</media>
  <!-- <vars module="Magento_Catalog">
  	 <var name="product_list_image_size">30</var>  
  </vars> -->
</view>