<?xml version="1.0"?>
<config xmlns:xsi="http://www.w3.org/2001/XMLSchema-instance" xsi:noNamespaceSchemaLocation="urn:magento:framework:Event/etc/events.xsd">

    <event name="checkout_cart_product_add_after">
        <observer name="customprice" instance="DocResearch\Customer\Observer\Adminhtml\CustomPrice" />
    </event>

     <event name="customer_save_after_data_object">
        <observer name="store_address_update" instance="DocResearch\Customer\Observer\Adminhtml\StoreAddress" />
    </event>

    <event name="sales_quote_add_item">
        <observer name="add_selected" instance="DocResearch\Customer\Observer\Adminhtml\Items"/>
    </event>
	   
	<event name="checkout_submit_all_after">
        <observer name="order_create_after" instance="DocResearch\Customer\Observer\Adminhtml\SalesOrderSaveInfo"/>
    </event>
	 <event name="adminhtml_customer_save_after">
        <observer name="customer_approved_email" instance="DocResearch\Customer\Observer\Adminhtml\CustomerApprove"/>
    </event>
</config>