<?xml version="1.0" encoding="UTF-8"?>
<config>
    <tabs>
        <chetu translate="label" module="custommessage">
            <label>Teddymountain Alert Message</label>
            <sort_order>100</sort_order>
        </chetu>
    </tabs>
    <sections>
        <chetu translate="label" module="custommessage">
            <label>Message Options</label>
            <tab>chetu</tab>
            <sort_order>1000</sort_order>
            <show_in_default>1</show_in_default>
            <show_in_website>1</show_in_website>
            <show_in_store>1</show_in_store>
 
            <groups>
                <chetu_group translate="label" module="custommessage">
                    <label>Alert Message Options</label>
                    <frontend_type>text</frontend_type>
                    <sort_order>1000</sort_order>
                    <show_in_default>1</show_in_default>
                    <show_in_website>1</show_in_website>
                    <show_in_store>1</show_in_store>
 
                    <fields>
                        <chetu_input translate="label">
                            <label>Message Text: </label>
                            <comment>Please enter the message to show while leaving Teddymountain site</comment>
                            <frontend_type>textarea</frontend_type>
                            <sort_order>20</sort_order>
                            <show_in_default>1</show_in_default>
                            <show_in_website>1</show_in_website>
                            <show_in_store>1</show_in_store>
                        </chetu_input>
                    </fields>
                </chetu_group>
            </groups>
        </chetu>
    </sections>
</config>