<?xml version="1.0"?>
<!--
/**
 * ClassyLlama_AvaTax
 *
 * NOTICE OF LICENSE
 *
 * This source file is subject to the Open Software License (OSL 3.0)
 * that is bundled with this package in the file LICENSE.txt.
 * It is also available through the world-wide-web at this URL:
 * http://opensource.org/licenses/osl-3.0.php
 *
 * @copyright  Copyright (c) 2016 Avalara, Inc.
 * @license    http://opensource.org/licenses/osl-3.0.php Open Software License (OSL 3.0)
 */
-->
<config xmlns:xsi="http://www.w3.org/2001/XMLSchema-instance" xsi:noNamespaceSchemaLocation="urn:magento:framework:ObjectManager/etc/config.xsd">
    <type name="Magento\Framework\Notification\MessageList">
        <arguments>
            <argument name="messages" xsi:type="array">
                <item name="avatax_queue" xsi:type="string">ClassyLlama\AvaTax\Model\Message\QueueNotification</item>
                <item name="avatax_queue_failure" xsi:type="string">ClassyLlama\AvaTax\Model\Message\QueueFailureNotification</item>
                <item name="avatax_queue_disabled" xsi:type="string">ClassyLlama\AvaTax\Model\Message\QueueDisabledNotification</item>
                <item name="avatax_config" xsi:type="string">ClassyLlama\AvaTax\Model\Message\ConfigNotification</item>
            </argument>
        </arguments>
    </type>
    <preference for="Magento\Tax\Block\Adminhtml\Rule\Edit\Form" type="ClassyLlama\AvaTax\Block\Tax\Adminhtml\Rule\Edit\Form" />
</config>
