<?xml version="1.0"?>
<!--
/**
 * ClassyLlama_AvaTax
 *
 * NOTICE OF LICENSE
 *
 * This source file is subject to the Open Software License (OSL 3.0)
 * that is bundled with this package in the file LICENSE.txt.
 * It is also available through the world-wide-web at this URL:
 * http://opensource.org/licenses/osl-3.0.php
 *
 * @copyright  Copyright (c) 2016 Avalara, Inc.
 * @license    http://opensource.org/licenses/osl-3.0.php Open Software License (OSL 3.0)
 */
-->
<config xmlns:xsi="http://www.w3.org/2001/XMLSchema-instance" xsi:noNamespaceSchemaLocation="urn:magento:framework:Api/etc/extension_attributes.xsd">
    <extension_attributes for="Magento\Checkout\Api\Data\PaymentDetailsInterface">
        <attribute code="valid_address" type="Magento\Quote\Api\Data\AddressInterface" />
        <attribute code="original_address" type="Magento\Quote\Api\Data\AddressInterface" />
        <attribute code="error_message" type="string" />
    </extension_attributes>
    <extension_attributes for="Magento\Checkout\Api\Data\ShippingInformationInterface">
        <attribute code="should_validate_address" type="boolean" />
    </extension_attributes>
    <extension_attributes for="Magento\Tax\Api\Data\QuoteDetailsItemInterface">
        <attribute code="total_quantity" type="float" />
        <attribute code="avatax_item_code" type="string" />
        <attribute code="avatax_tax_code" type="string" />
        <attribute code="avatax_description" type="string" />
        <attribute code="avatax_ref1" type="string" />
        <attribute code="avatax_ref2" type="string" />
    </extension_attributes>
    <extension_attributes for="Magento\Sales\Api\Data\InvoiceInterface">
        <attribute code="avatax_is_unbalanced" type="string" />
        <attribute code="base_avatax_tax_amount" type="string" />
    </extension_attributes>
    <extension_attributes for="Magento\Sales\Api\Data\CreditmemoInterface">
        <attribute code="avatax_is_unbalanced" type="string" />
        <attribute code="base_avatax_tax_amount" type="string" />
    </extension_attributes>
</config>
