<?xml version="1.0"?>
<config xmlns:xsi="http://www.w3.org/2001/XMLSchema-instance" xsi:noNamespaceSchemaLocation="urn:magento:framework:ObjectManager/etc/config.xsd">
    <virtualType name="Magento\Catalog\Ui\DataProvider\Product\Form\Modifier\Pool">
        <arguments>
            <argument name="modifiers" xsi:type="array">
                <item name="custom-fieldset" xsi:type="array">
                    <item name="class" xsi:type="string">DocResearch\Product\Ui\DataProvider\Product\Form\Modifier\CustomFieldset</item>
                    <item name="sortOrder" xsi:type="number">500</item>
                </item>
            </argument>
        </arguments>
    </virtualType>
    <type name="Magento\Catalog\Model\Product">
        <plugin name="change_product" type="DocResearch\Product\Plugin\Product"/>
    </type>
    <type name="Magento\Catalog\Block\Product\ProductList\Toolbar">
        <plugin name="change_pagination" type="DocResearch\Product\Plugin\Toolbar"/>
    </type>
    

</config>