<?xml version="1.0"?>
<config xmlns:xsi="http://www.w3.org/2001/XMLSchema-instance" xsi:noNamespaceSchemaLocation="urn:magento:framework:ObjectManager/etc/config.xsd">
    <virtualType name="TemplateGirdFilterPool" type="Magento\Framework\View\Element\UiComponent\DataProvider\FilterPool">
        <arguments>
            <argument name="appliers" xsi:type="array">
                <item name="regular" xsi:type="object">Magento\Framework\View\Element\UiComponent\DataProvider\RegularFilter</item>
                <item name="fulltext" xsi:type="object">Magento\Framework\View\Element\UiComponent\DataProvider\FulltextFilter</item>
            </argument>
        </arguments>
    </virtualType>   
    <virtualType name="TemplateGridDataProvider" type="Magento\Framework\View\Element\UiComponent\DataProvider\DataProvider">
        <arguments>
            <argument name="collection" xsi:type="object" shared="false">DocResearch\SalesPersonReport\Model\ResourceModel\Template\Collection</argument>
            <argument name="filterPool" xsi:type="object" shared="false">TemplateGirdFilterPool</argument>
        </arguments>
    </virtualType>
    <virtualType name="DocResearch\SalesPersonReport\Model\ResourceModel\Template\Grid\Collection" type="Magento\Framework\View\Element\UiComponent\DataProvider\SearchResult">
        <arguments>
            <argument name="mainTable" xsi:type="string">salespersonreport_template</argument>
            <argument name="resourceModel" xsi:type="string">DocResearch\SalesPersonReport\Model\ResourceModel\Template</argument>
        </arguments>
    </virtualType>
    <type name="Magento\Framework\View\Element\UiComponent\DataProvider\CollectionFactory">
        <arguments>
            <argument name="collections" xsi:type="array">
                <item name="salespersonreport_template_listing_data_source" xsi:type="string">DocResearch\SalesPersonReport\Model\ResourceModel\Template\Grid\Collection</item>
            </argument>
        </arguments>
    </type>  

</config>
