<?xml version="1.0"?>
<config>
    <sections>
        <general  translate="label" module="sendorder">            
            <groups>
                <nfi_emails translate="label"> 
                    <label>NFI Emails</label>
                    <frontend_type>text</frontend_type>
                    <sort_order>0</sort_order>
                    <show_in_default>1</show_in_default>
                    <show_in_website>1</show_in_website>
                    <show_in_store>1</show_in_store>
                    <fields>
                        <set_emails_for_nfi translate="label">
                            <label>Set email for NFI</label>
                            <frontend_type>text</frontend_type>
                            <sort_order>0</sort_order>
                            <show_in_default>1</show_in_default>
                            <show_in_website>1</show_in_website>
                            <show_in_store>1</show_in_store>
                            <comment>Plesae enter email and mulitiple comma seprated</comment>
                        </set_emails_for_nfi>
                    </fields>
                </nfi_emails>
            </groups>
        </general>
    </sections>
</config>
