<?xml version="1.0"?>
<config xmlns:xsi="http://www.w3.org/2001/XMLSchema-instance" xsi:noNamespaceSchemaLocation="urn:magento:framework:ObjectManager/etc/config.xsd">

    <preference for="Magento\Sales\Model\Order\Pdf\Invoice" type="DocResearch\RewriteSales\Model\Order\Pdf\Invoice" />
	<type name="Magento\SalesSequence\Model\Sequence">
	    <arguments>
	        <argument name="pattern" xsi:type="string">%s%'.01d%s</argument>
	    </arguments>
	</type>
	<type name="Magento\Checkout\Model\DefaultConfigProvider">
        <plugin name="add_bill_data" type="DocResearch\RewriteSales\Plugin\DefaultConfigProvider" disabled="false"/>
    </type>
</config>