<?xml version="1.0"?>
<config>
    <sections>
        <carriers  translate="label" module="customshipping">            
            <groups>
                <customshipping translate="label"> 
                    <label>Customshipping</label>
                    <frontend_type>text</frontend_type>
                    <sort_order>1</sort_order>
                    <show_in_default>1</show_in_default>
                    <show_in_website>1</show_in_website>
                    <show_in_store>1</show_in_store>
                    <model>customshipping/carrier_customshipping</model>
                    <fields>                        
                        <active translate="label">
                            <label>Enabled</label>
                            <frontend_type>select</frontend_type>
                            <source_model>adminhtml/system_config_source_yesno</source_model>
                            <sort_order>1</sort_order>
                            <show_in_default>1</show_in_default>
                            <show_in_website>1</show_in_website>
                            <show_in_store>1</show_in_store>
                        </active>
                        <title translate="label">
                            <label>Title</label>
                            <frontend_type>text</frontend_type>
                            <sort_order>2</sort_order>
                            <show_in_default>1</show_in_default>
                            <show_in_website>1</show_in_website>
                            <show_in_store>1</show_in_store>
                        </title>
                        <name translate="label">
                            <label>Method Name</label>
                            <frontend_type>text</frontend_type>
                            <sort_order>3</sort_order>
                            <show_in_default>1</show_in_default>
                            <show_in_website>1</show_in_website>
                            <show_in_store>1</show_in_store>
                        </name>

                        <allowedmethods translate="label">
                            <label>Allowed Methods</label>
                            <frontend_type>multiselect</frontend_type>
                            <source_model>customshipping/system_config_source_view</source_model>
                            <sort_order>40</sort_order>
                            <show_in_default>1</show_in_default>
                        </allowedmethods>  
                        
                        <increase_baserate_FEDEX_GROUND translate="label">
                            <label>Charge 'Regular (3-7 days)' shiping rate by %</label>
                            <frontend_type>text</frontend_type>
                            <sort_order>50</sort_order>
                            <show_in_default>1</show_in_default>
                            <show_in_website>1</show_in_website>
                            <show_in_store>1</show_in_store>
                        </increase_baserate_FEDEX_GROUND>                         
                        
                        <increase_baserate_FEDEX_EXPRESS_SAVER translate="label">
                            <label>Charge 'Express Saver (3 days)' shiping rate by%</label>
                            <frontend_type>text</frontend_type>
                            <sort_order>60</sort_order>
                            <show_in_default>1</show_in_default>
                            <show_in_website>1</show_in_website>
                            <show_in_store>1</show_in_store>
                        </increase_baserate_FEDEX_EXPRESS_SAVER> 
                        
                        <increase_baserate_FEDEX_2_DAY translate="label">
                            <label>Charge 'Express (2 days)' shiping rate by %</label>
                            <frontend_type>text</frontend_type>
                            <sort_order>70</sort_order>
                            <show_in_default>1</show_in_default>
                            <show_in_website>1</show_in_website>
                            <show_in_store>1</show_in_store>
                        </increase_baserate_FEDEX_2_DAY> 
                        
                        <increase_baserate_STANDARD_OVERNIGHT translate="label">
                            <label>Charge 'Express (Overnight)' shiping rate by %</label>
                            <frontend_type>text</frontend_type>
                            <sort_order>80</sort_order>
                            <show_in_default>1</show_in_default>
                            <show_in_website>1</show_in_website>
                            <show_in_store>1</show_in_store>
                        </increase_baserate_STANDARD_OVERNIGHT> 
                        
                        <rate_Hold_for_pick_up translate="label">
                            <label>Charge price for 'Hold for pick up'</label>
                            <frontend_type>text</frontend_type>
                            <sort_order>90</sort_order>
                            <show_in_default>1</show_in_default>
                            <show_in_website>1</show_in_website>
                            <show_in_store>1</show_in_store>
                        </rate_Hold_for_pick_up>                 
                                                                                       

                        <description translate="label">
                            <label>Description</label>
                            <frontend_type>textarea</frontend_type>
                            <sort_order>1000</sort_order>
                            <show_in_default>1</show_in_default>
                            <show_in_website>1</show_in_website>
                            <show_in_store>1</show_in_store>
                        </description>
                        <sort_order translate="label">
                            <label>Sort Order</label>
                            <frontend_type>text</frontend_type>
                            <sort_order>100</sort_order>
                            <show_in_default>1</show_in_default>
                            <show_in_website>1</show_in_website>
                            <show_in_store>1</show_in_store>
                            <sort_order>100</sort_order>
                        </sort_order>
                    </fields>
                </customshipping>
            </groups>
        </carriers>
    </sections>
</config>
