<?xml version="1.0"?>
<!--
/**
 * Copyright © 2015 Magento. All rights reserved.
 * See COPYING.txt for license details.
 */
-->
<config xmlns:xsi="http://www.w3.org/2001/XMLSchema-instance" xsi:noNamespaceSchemaLocation="urn:magento:framework:Acl/etc/acl.xsd">
    <acl>
        <resources>
            <resource id="Magento_Backend::admin">
                <resource id="DocResearch_Restaurant::restaurant" title="" sortOrder="80">
                    <resource id="DocResearch_Restaurant::restaurant_template" title="Manage Restaurant" sortOrder="10">
                    </resource>
                </resource>
            </resource>
        </resources>
    </acl>
</config>
